ASM_ACCESSION,NCBI_TAXID,SPECIES_IN,STRAIN,PHYLUM,SUBPHYLUM,CLASS,SUBCLASS,ORDER,FAMILY,GENUS,SPECIES
GCA_014822065.1_147676,282272,Fusarium acaciae-mearnsii,NRRL 26754,Ascomycota,Pezizomycotina,Sordariomycetes,Hypocreomycetidae,Hypocreales,Nectriaceae,Fusarium,Fusarium acaciae-mearnsii
GCA_013363215.1_38483,5515,Fusarium acuminatum,F829,Ascomycota,Pezizomycotina,Sordariomycetes,Hypocreomycetidae,Hypocreales,Nectriaceae,Fusarium,Fusarium acuminatum
GCA_012932015.1_114620,78861,Fusarium acutatum,NRRL 13308,Ascomycota,Pezizomycotina,Sordariomycetes,Hypocreomycetidae,Hypocreales,Nectriaceae,Fusarium,Fusarium acutatum
GCA_001654545.1_63438,1803897,Fusarium agapanthi,NRRL 54464,Ascomycota,Pezizomycotina,Sordariomycetes,Hypocreomycetidae,Hypocreales,Nectriaceae,Fusarium,Fusarium agapanthi
GCA_013618265.1_12371,1237067,Fusarium albidum,NRRL 22152,Ascomycota,Pezizomycotina,Sordariomycetes,Hypocreomycetidae,Hypocreales,Nectriaceae,Fusarium,Fusarium albidum
GCA_012931995.1_23241,1237068,Fusarium albosuccineum,NRRL 20459,Ascomycota,Pezizomycotina,Sordariomycetes,Hypocreomycetidae,Hypocreales,Nectriaceae,Fusarium,Fusarium albosuccineum
GCA_002982035.1_49941,2050978,Fusarium algeriense,NRRL 66648,Ascomycota,Pezizomycotina,Sordariomycetes,Hypocreomycetidae,Hypocreales,Nectriaceae,Fusarium,Fusarium algeriense
GCA_003947045.1_121643,131363,Fusarium ambrosium,NRRL 20438,Ascomycota,Pezizomycotina,Sordariomycetes,Hypocreomycetidae,Hypocreales,Nectriaceae,Fusarium,Fusarium ambrosium
GCA_012977745.1_110097,183586,Fusarium anguioides,NRRL 25385,Ascomycota,Pezizomycotina,Sordariomycetes,Hypocreomycetidae,Hypocreales,Nectriaceae,Fusarium,Fusarium anguioides
GCA_013364935.1_124798,48485,Fusarium anthophilum,NRRL 25214,Ascomycota,Pezizomycotina,Sordariomycetes,Hypocreomycetidae,Hypocreales,Nectriaceae,Fusarium,Fusarium anthophilum
GCA_013618295.1_267748,679435,Fusarium armeniacum,NRRL 25141,Ascomycota,Pezizomycotina,Sordariomycetes,Hypocreomycetidae,Hypocreales,Nectriaceae,Fusarium,Fusarium armeniacum
GCA_012932025.1_84818,2364996,Fusarium austroafricanum,NRRL 53441,Ascomycota,Pezizomycotina,Sordariomycetes,Hypocreomycetidae,Hypocreales,Nectriaceae,Fusarium,Fusarium austroafricanum
GCA_000769295.1_4137378,40199,Fusarium avenaceum,FaLH27,Ascomycota,Pezizomycotina,Sordariomycetes,Hypocreomycetidae,Hypocreales,Nectriaceae,Fusarium,Fusarium avenaceum
GCA_013186375.1_108635,427292,Fusarium aywerte,NRRL 25410,Ascomycota,Pezizomycotina,Sordariomycetes,Hypocreomycetidae,Hypocreales,Nectriaceae,Fusarium,Fusarium aywerte
GCA_012977765.1_110403,48486,Fusarium babinda,NRRL 25533,Ascomycota,Pezizomycotina,Sordariomycetes,Hypocreomycetidae,Hypocreales,Nectriaceae,Fusarium,Fusarium babinda
GCA_013623355.1_50140,42668,Fusarium bactridioides,NRRL 66639,Ascomycota,Pezizomycotina,Sordariomycetes,Hypocreomycetidae,Hypocreales,Nectriaceae,Fusarium,Fusarium bactridioides
GCA_013186755.1_97104,48487,Fusarium begoniae,NRRL 25300,Ascomycota,Pezizomycotina,Sordariomycetes,Hypocreomycetidae,Hypocreales,Nectriaceae,Fusarium,Fusarium begoniae
GCA_002980475.2_74977,44412,Fusarium beomiforme,NRRL 25174,Ascomycota,Pezizomycotina,Sordariomycetes,Hypocreomycetidae,Hypocreales,Nectriaceae,Fusarium,Fusarium beomiforme
GCA_013184295.1_129586,281087,Fusarium brasilicum,NRRL 31281,Ascomycota,Pezizomycotina,Sordariomycetes,Hypocreomycetidae,Hypocreales,Nectriaceae,Fusarium,Fusarium brasilicum
GCA_013363135.1_60812,48488,Fusarium brevicatenulatum,NRRL 25447,Ascomycota,Pezizomycotina,Sordariomycetes,Hypocreomycetidae,Hypocreales,Nectriaceae,Fusarium,Fusarium brevicatenulatum
GCA_014822075.1_61123,44411,Fusarium buharicum,NRRL 13371,Ascomycota,Pezizomycotina,Sordariomycetes,Hypocreomycetidae,Hypocreales,Nectriaceae,Fusarium,Fusarium buharicum
GCA_013758895.1_54686,79018,Fusarium bulbicola,NRRL 25176,Ascomycota,Pezizomycotina,Sordariomycetes,Hypocreomycetidae,Hypocreales,Nectriaceae,Fusarium,Fusarium bulbicola
GCA_002980515.1_56525,1041577,Fusarium burgessii,NRRL 66654,Ascomycota,Pezizomycotina,Sordariomycetes,Hypocreomycetidae,Hypocreales,Nectriaceae,Fusarium,Fusarium burgessii
GCA_014899095.1_44816,57154,Fusarium buxicola,NRRL 36148,Ascomycota,Pezizomycotina,Sordariomycetes,Hypocreomycetidae,Hypocreales,Nectriaceae,Fusarium,Fusarium buxicola
GCA_013624355.1_91248,2562764,Fusarium caatingaense,NRRL 66470,Ascomycota,Pezizomycotina,Sordariomycetes,Hypocreomycetidae,Hypocreales,Nectriaceae,Fusarium,Fusarium caatingaense
GCA_004367475.1_216991,57143,Fusarium camptoceras,NRRL 13381,Ascomycota,Pezizomycotina,Sordariomycetes,Hypocreomycetidae,Hypocreales,Nectriaceae,Fusarium,Fusarium camptoceras
GCA_014898915.1_193923,86545,Fusarium chlamydosporum,NRRL 13444,Ascomycota,Pezizomycotina,Sordariomycetes,Hypocreomycetidae,Hypocreales,Nectriaceae,Fusarium,Fusarium chlamydosporum
GCA_004367485.1_242401,2495903,Fusarium citri,NRRL 66334 (ITEM 10392),Ascomycota,Pezizomycotina,Sordariomycetes,Hypocreomycetidae,Hypocreales,Nectriaceae,Fusarium,Fusarium citri
GCA_004367155.1_144835,2594811,Fusarium clavum,NRRL 66337 (ITEM 11348),Ascomycota,Pezizomycotina,Sordariomycetes,Hypocreomycetidae,Hypocreales,Nectriaceae,Fusarium,Fusarium clavum
GCA_013781345.1_83309,1567539,Fusarium coicis,NRRL 66233,Ascomycota,Pezizomycotina,Sordariomycetes,Hypocreomycetidae,Hypocreales,Nectriaceae,Fusarium,Fusarium coicis
GCA_013618385.1_157863,867872,Fusarium compactum,NRRL 13829,Ascomycota,Pezizomycotina,Sordariomycetes,Hypocreomycetidae,Hypocreales,Nectriaceae,Fusarium,Fusarium compactum
GCA_014824425.1_160280,48491,Fusarium concentricum,NRRL 25181,Ascomycota,Pezizomycotina,Sordariomycetes,Hypocreomycetidae,Hypocreales,Nectriaceae,Fusarium,Fusarium concentricum
GCA_013184415.1_52799,48492,Fusarium concolor,NRRL 13459,Ascomycota,Pezizomycotina,Sordariomycetes,Hypocreomycetidae,Hypocreales,Nectriaceae,Fusarium,Fusarium concolor
GCA_013184455.1_41752,1566354,Fusarium continuum,NRRL 66286,Ascomycota,Pezizomycotina,Sordariomycetes,Hypocreomycetidae,Hypocreales,Nectriaceae,Fusarium,Fusarium continuum
GCA_014824385.1_52741,1237069,Fusarium cyanostomum,NRRL 53998,Ascomycota,Pezizomycotina,Sordariomycetes,Hypocreomycetidae,Hypocreales,Nectriaceae,Fusarium,Fusarium cyanostomum
GCA_013266205.1_35228,57161,Fusarium decemcellulare,NRRL 13412,Ascomycota,Pezizomycotina,Sordariomycetes,Hypocreomycetidae,Hypocreales,Nectriaceae,Fusarium,Fusarium decemcellulare
GCA_013396175.1_108374,48507,Fusarium denticulatum,NRRL 25311,Ascomycota,Pezizomycotina,Sordariomycetes,Hypocreomycetidae,Hypocreales,Nectriaceae,Fusarium,Fusarium denticulatum
GCA_013623525.1_49131,57145,Fusarium dimerum,NRRL 20691,Ascomycota,Pezizomycotina,Sordariomycetes,Hypocreomycetidae,Hypocreales,Nectriaceae,Fusarium,Fusarium dimerum
GCA_013186775.1_476180,42669,Fusarium dlaminii,NRRL 13164,Ascomycota,Pezizomycotina,Sordariomycetes,Hypocreomycetidae,Hypocreales,Nectriaceae,Fusarium,Fusarium dlaminii
GCA_013618395.1_23368,225610,Fusarium domesticum,NRRL 29976,Ascomycota,Pezizomycotina,Sordariomycetes,Hypocreomycetidae,Hypocreales,Nectriaceae,Fusarium,Fusarium domesticum
GCA_013363125.1_32849,195108,Fusarium falciforme,NRRL 43529,Ascomycota,Pezizomycotina,Sordariomycetes,Hypocreomycetidae,Hypocreales,Nectriaceae,Fusarium,Fusarium falciforme
GCA_004367175.1_131932,2675880,Fusarium flagelliforme,NRRL 66336 (ITEM 11294),Ascomycota,Pezizomycotina,Sordariomycetes,Hypocreomycetidae,Hypocreales,Nectriaceae,Fusarium,Fusarium flagelliforme
GCA_003947005.1_59628,1325733,Fusarium floridanum,NRRL62606,Ascomycota,Pezizomycotina,Sordariomycetes,Hypocreomycetidae,Hypocreales,Nectriaceae,Fusarium,Fusarium floridanum
GCA_013623845.1_27447,246455,Fusarium foetens,NRRL 38302,Ascomycota,Pezizomycotina,Sordariomycetes,Hypocreomycetidae,Hypocreales,Nectriaceae,Fusarium,Fusarium foetens
GCA_013758875.1_75670,172311,Fusarium fractiflexum,NRRL 43689,Ascomycota,Pezizomycotina,Sordariomycetes,Hypocreomycetidae,Hypocreales,Nectriaceae,Fusarium,Fusarium fractiflexum
GCF_900079805.1_1182607,5127,Fusarium fujikuroi,IMI 58289,Ascomycota,Pezizomycotina,Sordariomycetes,Hypocreomycetidae,Hypocreales,Nectriaceae,Fusarium,Fusarium fujikuroi
GCA_013266175.1_132356,282569,Fusarium gaditjirri,NRRL 45417,Ascomycota,Pezizomycotina,Sordariomycetes,Hypocreomycetidae,Hypocreales,Nectriaceae,Fusarium,Fusarium gaditjirri
GCA_013396165.1_71375,78864,Fusarium globosum,NRRL 26131,Ascomycota,Pezizomycotina,Sordariomycetes,Hypocreomycetidae,Hypocreales,Nectriaceae,Fusarium,Fusarium globosum
GCA_014899075.1_46593,1567540,Fusarium goolgardi,NRRL 66250,Ascomycota,Pezizomycotina,Sordariomycetes,Hypocreomycetidae,Hypocreales,Nectriaceae,Fusarium,Fusarium goolgardi
GCA_013266165.1_85760,86546,Fusarium graminum,NRRL 20692,Ascomycota,Pezizomycotina,Sordariomycetes,Hypocreomycetidae,Hypocreales,Nectriaceae,Fusarium,Fusarium graminum
GCA_013186795.1_80378,47756,Fusarium guttiforme,NRRL 22945,Ascomycota,Pezizomycotina,Sordariomycetes,Hypocreomycetidae,Hypocreales,Nectriaceae,Fusarium,Fusarium guttiforme
GCA_013618405.1_122227,2494463,Fusarium hainanense,NRRL 66475,Ascomycota,Pezizomycotina,Sordariomycetes,Hypocreomycetidae,Hypocreales,Nectriaceae,Fusarium,Fusarium hainanense
GCA_013396295.1_173494,42747,Fusarium heterosporum,NRRL 20693,Ascomycota,Pezizomycotina,Sordariomycetes,Hypocreomycetidae,Hypocreales,Nectriaceae,Fusarium,Fusarium heterosporum
GCA_004366955.1_204308,2494464,Fusarium humuli,NRRL 66339 (ITEM 11401),Ascomycota,Pezizomycotina,Sordariomycetes,Hypocreomycetidae,Hypocreales,Nectriaceae,Fusarium,Fusarium humuli
GCA_013623515.1_24111,131364,Fusarium illudens,NRRL 22090,Ascomycota,Pezizomycotina,Sordariomycetes,Hypocreomycetidae,Hypocreales,Nectriaceae,Fusarium,Fusarium illudens
GCA_004367075.1_297642,298378,Fusarium incarnatum,NRRL 66325 (ITEM 7155),Ascomycota,Pezizomycotina,Sordariomycetes,Hypocreomycetidae,Hypocreales,Nectriaceae,Fusarium,Fusarium incarnatum
GCA_004367085.1_152111,2494466,Fusarium irregulare,NRRL 31160,Ascomycota,Pezizomycotina,Sordariomycetes,Hypocreomycetidae,Hypocreales,Nectriaceae,Fusarium,Fusarium irregulare
GCA_003698175.1_91126,2010991,Fusarium kuroshium,UCR3666,Ascomycota,Pezizomycotina,Sordariomycetes,Hypocreomycetidae,Hypocreales,Nectriaceae,Fusarium,Fusarium kuroshium
GCA_013184315.1_240014,56665,Fusarium kyushuense,NRRL 25348,Ascomycota,Pezizomycotina,Sordariomycetes,Hypocreomycetidae,Hypocreales,Nectriaceae,Fusarium,Fusarium kyushuense
GCA_001292635.1_74949,179993,Fusarium langsethiae,Fl201059,Ascomycota,Pezizomycotina,Sordariomycetes,Hypocreomycetidae,Hypocreales,Nectriaceae,Fusarium,Fusarium langsethiae
GCA_014898835.1_67421,5523,Fusarium lateritium,NRRL 13622,Ascomycota,Pezizomycotina,Sordariomycetes,Hypocreomycetidae,Hypocreales,Nectriaceae,Fusarium,Fusarium lateritium
GCA_013618495.1_420876,694270,Fusarium longipes,NRRL 13317,Ascomycota,Pezizomycotina,Sordariomycetes,Hypocreomycetidae,Hypocreales,Nectriaceae,Fusarium,Fusarium longipes
GCA_013184325.1_80644,2494467,Fusarium luffae,NRRL 66473,Ascomycota,Pezizomycotina,Sordariomycetes,Hypocreomycetidae,Hypocreales,Nectriaceae,Fusarium,Fusarium luffae
GCA_014898885.1_74127,1041578,Fusarium lyarnte (nom. inval.),NRRL 54252,Ascomycota,Pezizomycotina,Sordariomycetes,Hypocreomycetidae,Hypocreales,Nectriaceae,Fusarium,Fusarium lyarnte (nom. inval.)
GCA_013396015.1_146536,751941,Fusarium mexicanum,NRRL 53147,Ascomycota,Pezizomycotina,Sordariomycetes,Hypocreomycetidae,Hypocreales,Nectriaceae,Fusarium,Fusarium mexicanum
GCA_014898875.1_154688,75915,Fusarium miscanthi,NRRL 26231,Ascomycota,Pezizomycotina,Sordariomycetes,Hypocreomycetidae,Hypocreales,Nectriaceae,Fusarium,Fusarium miscanthi
GCA_013396205.1_107366,1567541,Fusarium mundagurra,NRRL 66235,Ascomycota,Pezizomycotina,Sordariomycetes,Hypocreomycetidae,Hypocreales,Nectriaceae,Fusarium,Fusarium mundagurra
GCA_013623345.1_90064,1042133,Fusarium musae,NRRL 25059,Ascomycota,Pezizomycotina,Sordariomycetes,Hypocreomycetidae,Hypocreales,Nectriaceae,Fusarium,Fusarium musae
GCA_004367095.1_209155,2494468,Fusarium nanum,NRRL 66324 (ITEM 6748),Ascomycota,Pezizomycotina,Sordariomycetes,Hypocreomycetidae,Hypocreales,Nectriaceae,Fusarium,Fusarium nanum
GCA_013396005.1_78215,42672,Fusarium napiforme,NRRL 25196,Ascomycota,Pezizomycotina,Sordariomycetes,Hypocreomycetidae,Hypocreales,Nectriaceae,Fusarium,Fusarium napiforme
GCA_014898925.1_102753,77846,Fusarium nelsonii,NRRL 13338,Ascomycota,Pezizomycotina,Sordariomycetes,Hypocreomycetidae,Hypocreales,Nectriaceae,Fusarium,Fusarium nelsonii
GCA_013623595.1_23155,1053271,Fusarium nematophilum,NRRL 54600,Ascomycota,Pezizomycotina,Sordariomycetes,Hypocreomycetidae,Hypocreales,Nectriaceae,Fusarium,Fusarium nematophilum
GCA_006518225.1_28868,1325723,Fusarium neocosmosporiellum,NRRL 22166,Ascomycota,Pezizomycotina,Sordariomycetes,Hypocreomycetidae,Hypocreales,Nectriaceae,Fusarium,Fusarium neocosmosporiellum
GCA_013184375.1_23470,1567543,Fusarium newnesense,NRRL 66241,Ascomycota,Pezizomycotina,Sordariomycetes,Hypocreomycetidae,Hypocreales,Nectriaceae,Fusarium,Fusarium newnesense
GCA_013623555.1_87107,78863,Fusarium nisikadoi,NRRL 25179,Ascomycota,Pezizomycotina,Sordariomycetes,Hypocreomycetidae,Hypocreales,Nectriaceae,Fusarium,Fusarium nisikadoi
GCA_014898975.1_229876,2592597,Fusarium nodosum,NRRL 36351,Ascomycota,Pezizomycotina,Sordariomycetes,Hypocreomycetidae,Hypocreales,Nectriaceae,Fusarium,Fusarium nodosum
GCA_012977755.1_114353,457084,Fusarium nurragi,NRRL 36452,Ascomycota,Pezizomycotina,Sordariomycetes,Hypocreomycetidae,Hypocreales,Nectriaceae,Fusarium,Fusarium nurragi
GCF_000149955.1_95416,59765,Fusarium oxysporum f. sp. lycopersici,4287,Ascomycota,Pezizomycotina,Sordariomycetes,Hypocreomycetidae,Hypocreales,Nectriaceae,Fusarium,Fusarium oxysporum
GCA_014899045.1_179639,680193,Fusarium palustre,NRRL 54050,Ascomycota,Pezizomycotina,Sordariomycetes,Hypocreomycetidae,Hypocreales,Nectriaceae,Fusarium,Fusarium palustre
GCA_013623535.1_58838,587888,Fusarium penzigii,NRRL 20711,Ascomycota,Pezizomycotina,Sordariomycetes,Hypocreomycetidae,Hypocreales,Nectriaceae,Fusarium,Fusarium penzigii
GCA_013364925.1_89118,120645,Fusarium phaseoli,NRRL 22396,Ascomycota,Pezizomycotina,Sordariomycetes,Hypocreomycetidae,Hypocreales,Nectriaceae,Fusarium,Fusarium phaseoli
GCA_013396025.1_87347,47803,Fusarium phyllophilum,NRRL 13617,Ascomycota,Pezizomycotina,Sordariomycetes,Hypocreomycetidae,Hypocreales,Nectriaceae,Fusarium,Fusarium phyllophilum
GCA_002093855.1_195770,1824868,Fusarium praegraminearum,NRRL 39664,Ascomycota,Pezizomycotina,Sordariomycetes,Hypocreomycetidae,Hypocreales,Nectriaceae,Fusarium,Fusarium praegraminearum
GCA_011320165.1_75307,2747443,Fusarium protoensiforme,NRRL 22178,Ascomycota,Pezizomycotina,Sordariomycetes,Hypocreomycetidae,Hypocreales,Nectriaceae,Fusarium,Fusarium protoensiforme
GCA_013395995.1_60197,48495,Fusarium pseudoanthophilum,NRRL 25211,Ascomycota,Pezizomycotina,Sordariomycetes,Hypocreomycetidae,Hypocreales,Nectriaceae,Fusarium,Fusarium pseudoanthophilum
GCA_013396035.1_118013,56676,Fusarium pseudocircinatum,NRRL 36939,Ascomycota,Pezizomycotina,Sordariomycetes,Hypocreomycetidae,Hypocreales,Nectriaceae,Fusarium,Fusarium pseudocircinatum
GCA_013186785.1_50016,47755,Fusarium pseudonygamai,NRRL 13592,Ascomycota,Pezizomycotina,Sordariomycetes,Hypocreomycetidae,Hypocreales,Nectriaceae,Fusarium,Fusarium pseudonygamai
GCA_013186855.1_87353,48496,Fusarium ramigenum,NRRL 25208,Ascomycota,Pezizomycotina,Sordariomycetes,Hypocreomycetidae,Hypocreales,Nectriaceae,Fusarium,Fusarium ramigenum
GCA_014899085.1_84318,48865,Fusarium redolens,NRRL 22901,Ascomycota,Pezizomycotina,Sordariomycetes,Hypocreomycetidae,Hypocreales,Nectriaceae,Fusarium,Fusarium redolens
GCA_017140155.1_41814,1237072,Fusarium rusci,NRRL 22134,Ascomycota,Pezizomycotina,Sordariomycetes,Hypocreomycetidae,Hypocreales,Nectriaceae,Fusarium,Fusarium rusci
GCA_013266185.1_55061,1208366,Fusarium sarcochroum,NRRL 20472,Ascomycota,Pezizomycotina,Sordariomycetes,Hypocreomycetidae,Hypocreales,Nectriaceae,Fusarium,Fusarium sarcochroum
GCA_004367495.1_290330,2211609,Fusarium scirpi,NRRL 66328,Ascomycota,Pezizomycotina,Sordariomycetes,Hypocreomycetidae,Hypocreales,Nectriaceae,Fusarium,Fusarium scirpi
GCA_013363185.1_24927,1477011,Fusarium secorum,NRRL 62593,Ascomycota,Pezizomycotina,Sordariomycetes,Hypocreomycetidae,Hypocreales,Nectriaceae,Fusarium,Fusarium secorum
GCA_013623625.1_32826,57148,Fusarium setosum,NRRL 36526,Ascomycota,Pezizomycotina,Sordariomycetes,Hypocreomycetidae,Hypocreales,Nectriaceae,Fusarium,Fusarium setosum
GCA_014898995.1_48079,929237,Fusarium sibiricum,NRRL 53430,Ascomycota,Pezizomycotina,Sordariomycetes,Hypocreomycetidae,Hypocreales,Nectriaceae,Fusarium,Fusarium sibiricum
GCA_003946995.1_158082,1325735,Fusarium sp. AF-4,NRRL62579,Ascomycota,Pezizomycotina,Sordariomycetes,Hypocreomycetidae,Hypocreales,Nectriaceae,Fusarium,Fusarium sp. AF-4
GCA_003947015.1_69814,1325737,Fusarium sp. AF-6,NRRL62590,Ascomycota,Pezizomycotina,Sordariomycetes,Hypocreomycetidae,Hypocreales,Nectriaceae,Fusarium,Fusarium sp. AF-6
GCA_003946985.1_168109,1325734,Fusarium sp. AF-8,NRRL62584,Ascomycota,Pezizomycotina,Sordariomycetes,Hypocreomycetidae,Hypocreales,Nectriaceae,Fusarium,Fusarium sp. AF-8
GCA_013624395.1_17780,2736616,Fusarium sp. KOD 1611,KOD 1611,Ascomycota,Pezizomycotina,Sordariomycetes,Hypocreomycetidae,Hypocreales,Nectriaceae,Fusarium,Fusarium sp. KOD 1611
GCA_013010345.1_29267,487220,Fusarium sp. NRRL 22101,NRRL 22101,Ascomycota,Pezizomycotina,Sordariomycetes,Hypocreomycetidae,Hypocreales,Nectriaceae,Fusarium,Fusarium sp. NRRL 22101
GCA_013755755.1_58744,70751,Fusarium sp. NRRL 25184,NRRL 25184,Ascomycota,Pezizomycotina,Sordariomycetes,Hypocreomycetidae,Hypocreales,Nectriaceae,Fusarium,Fusarium sp. NRRL 25184
GCA_013396255.1_102206,122381,Fusarium sp. NRRL 25303,NRRL 25303,Ascomycota,Pezizomycotina,Sordariomycetes,Hypocreomycetidae,Hypocreales,Nectriaceae,Fusarium,Fusarium sp. NRRL 25303
GCA_013759095.1_31986,2708285,Fusarium sp. NRRL 29148,NRRL 29148,Ascomycota,Pezizomycotina,Sordariomycetes,Hypocreomycetidae,Hypocreales,Nectriaceae,Fusarium,Fusarium sp. NRRL 29148
GCA_013759115.1_105072,2708284,Fusarium sp. NRRL 47473,NRRL 47473,Ascomycota,Pezizomycotina,Sordariomycetes,Hypocreomycetidae,Hypocreales,Nectriaceae,Fusarium,Fusarium sp. NRRL 47473
GCA_013396095.1_411744,1101274,Fusarium sp. NRRL 52700,NRRL 52700,Ascomycota,Pezizomycotina,Sordariomycetes,Hypocreomycetidae,Hypocreales,Nectriaceae,Fusarium,Fusarium sp. NRRL 52700
GCA_013759125.1_110288,2708283,Fusarium sp. NRRL 53293,NRRL 53293,Ascomycota,Pezizomycotina,Sordariomycetes,Hypocreomycetidae,Hypocreales,Nectriaceae,Fusarium,Fusarium sp. NRRL 53293
GCA_013184445.1_145770,2692427,Fusarium sp. NRRL 53497,NRRL 53497,Ascomycota,Pezizomycotina,Sordariomycetes,Hypocreomycetidae,Hypocreales,Nectriaceae,Fusarium,Fusarium sp. NRRL 53497
GCA_013186425.2_6966,2699242,Fusarium sp. NRRL 62610,NRRL 62610,Ascomycota,Pezizomycotina,Sordariomycetes,Hypocreomycetidae,Hypocreales,Nectriaceae,Fusarium,Fusarium sp. NRRL 62610
GCA_012978555.1_28035,1576620,Fusarium sp. NRRL 62941,NRRL 62941,Ascomycota,Pezizomycotina,Sordariomycetes,Hypocreomycetidae,Hypocreales,Nectriaceae,Fusarium,Fusarium sp. NRRL 62941
GCA_013186395.1_11415,1576622,Fusarium sp. NRRL 62944,NRRL 62944,Ascomycota,Pezizomycotina,Sordariomycetes,Hypocreomycetidae,Hypocreales,Nectriaceae,Fusarium,Fusarium sp. NRRL 62944
GCA_012978535.1_3722,2699241,Fusarium sp. NRRL 62957,NRRL 62957,Ascomycota,Pezizomycotina,Sordariomycetes,Hypocreomycetidae,Hypocreales,Nectriaceae,Fusarium,Fusarium sp. NRRL 62957
GCA_013186415.1_46149,1576625,Fusarium sp. NRRL 66088,NRRL 66088,Ascomycota,Pezizomycotina,Sordariomycetes,Hypocreomycetidae,Hypocreales,Nectriaceae,Fusarium,Fusarium sp. NRRL 66088
GCA_013266265.1_35660,2692428,Fusarium sp. NRRL 66182,NRRL 66182,Ascomycota,Pezizomycotina,Sordariomycetes,Hypocreomycetidae,Hypocreales,Nectriaceae,Fusarium,Fusarium sp. NRRL 66182
GCA_014824365.1_42809,2729611,Fusarium sp. NRRL 66894,NRRL 66894,Ascomycota,Pezizomycotina,Sordariomycetes,Hypocreomycetidae,Hypocreales,Nectriaceae,Fusarium,Fusarium sp. NRRL 66894
GCA_014824405.1_45888,2729612,Fusarium sp. NRRL 66896,NRRL 66896,Ascomycota,Pezizomycotina,Sordariomycetes,Hypocreomycetidae,Hypocreales,Nectriaceae,Fusarium,Fusarium sp. NRRL 66896
GCA_003012315.1_218061,5514,Fusarium sporotrichioides,NRRL 3299,Ascomycota,Pezizomycotina,Sordariomycetes,Hypocreomycetidae,Hypocreales,Nectriaceae,Fusarium,Fusarium sporotrichioides
GCA_017140175.1_63308,57149,Fusarium staphyleae,NRRL 22316,Ascomycota,Pezizomycotina,Sordariomycetes,Hypocreomycetidae,Hypocreales,Nectriaceae,Fusarium,Fusarium staphyleae
GCA_013186845.1_74938,192009,Fusarium sterilihyphosum,NRRL 25623,Ascomycota,Pezizomycotina,Sordariomycetes,Hypocreomycetidae,Hypocreales,Nectriaceae,Fusarium,Fusarium sterilihyphosum
GCA_014822085.1_112927,57150,Fusarium stilboides,NRRL 20429,Ascomycota,Pezizomycotina,Sordariomycetes,Hypocreomycetidae,Hypocreales,Nectriaceae,Fusarium,Fusarium stilboides
GCF_013396075.1_181117,42677,Fusarium subglutinans,NRRL 66333,Ascomycota,Pezizomycotina,Sordariomycetes,Hypocreomycetidae,Hypocreales,Nectriaceae,Fusarium,Fusarium subglutinans
GCA_013623665.1_100221,86547,Fusarium sublunatum,NRRL 13384,Ascomycota,Pezizomycotina,Sordariomycetes,Hypocreomycetidae,Hypocreales,Nectriaceae,Fusarium,Fusarium sublunatum
GCA_003670145.1_92487,2283686,Fusarium subtropicale,NRRL 66764,Ascomycota,Pezizomycotina,Sordariomycetes,Hypocreomycetidae,Hypocreales,Nectriaceae,Fusarium,Fusarium subtropicale
GCA_013186925.1_329061,42666,Fusarium succisae,NRRL 13298,Ascomycota,Pezizomycotina,Sordariomycetes,Hypocreomycetidae,Hypocreales,Nectriaceae,Fusarium,Fusarium succisae
GCA_012977735.1_85388,2594821,Fusarium tanahbumbuense,NRRL 66471,Ascomycota,Pezizomycotina,Sordariomycetes,Hypocreomycetidae,Hypocreales,Nectriaceae,Fusarium,Fusarium tanahbumbuense
GCA_013186935.1_321487,120644,Fusarium thapsinum,NRRL 22049,Ascomycota,Pezizomycotina,Sordariomycetes,Hypocreomycetidae,Hypocreales,Nectriaceae,Fusarium,Fusarium thapsinum
GCF_013396195.1_150570,1567544,Fusarium tjaetaba,NRRL 66243,Ascomycota,Pezizomycotina,Sordariomycetes,Hypocreomycetidae,Hypocreales,Nectriaceae,Fusarium,Fusarium tjaetaba
GCA_014824505.1_61742,1237075,Fusarium torreyae,NRRL 54149,Ascomycota,Pezizomycotina,Sordariomycetes,Hypocreomycetidae,Hypocreales,Nectriaceae,Fusarium,Fusarium torreyae
GCA_013623875.1_90320,33205,Fusarium torulosum,NRRL 22747,Ascomycota,Pezizomycotina,Sordariomycetes,Hypocreomycetidae,Hypocreales,Nectriaceae,Fusarium,Fusarium torulosum
GCA_013623685.1_112971,2267551,Fusarium transvaalense,NRRL 31008,Ascomycota,Pezizomycotina,Sordariomycetes,Hypocreomycetidae,Hypocreales,Nectriaceae,Fusarium,Fusarium transvaalense
GCA_013363205.1_32618,1325736,Fusarium tuaranense,NRRL 46518,Ascomycota,Pezizomycotina,Sordariomycetes,Hypocreomycetidae,Hypocreales,Nectriaceae,Fusarium,Fusarium tuaranense
GCA_013364945.1_88322,1235837,Fusarium tupiense,NRRL 53984,Ascomycota,Pezizomycotina,Sordariomycetes,Hypocreomycetidae,Hypocreales,Nectriaceae,Fusarium,Fusarium tupiense
GCF_000151355.1_1255602,2747968,Fusarium vanettenii,77-13-4,Ascomycota,Pezizomycotina,Sordariomycetes,Hypocreomycetidae,Hypocreales,Nectriaceae,Fusarium,Fusarium vanettenii
GCA_013623725.1_43095,42327,Fusarium ventricosum,NRRL 25729,Ascomycota,Pezizomycotina,Sordariomycetes,Hypocreomycetidae,Hypocreales,Nectriaceae,Fusarium,Fusarium ventricosum
GCA_013623715.1_95846,1237073,Fusarium verrucosum,NRRL 22566,Ascomycota,Pezizomycotina,Sordariomycetes,Hypocreomycetidae,Hypocreales,Nectriaceae,Fusarium,Fusarium verrucosum
GCF_000149555.1_392397,117187,Fusarium verticillioides,7600,Ascomycota,Pezizomycotina,Sordariomycetes,Hypocreomycetidae,Hypocreales,Nectriaceae,Fusarium,Fusarium verticillioides
GCA_008711595.1_18500,2687229,Fusarium xyrophilum,NRRL 62721,Ascomycota,Pezizomycotina,Sordariomycetes,Hypocreomycetidae,Hypocreales,Nectriaceae,Fusarium,Fusarium xyrophilum
GCA_013623745.1_51793,2082529,Fusarium zanthoxyli,NRRL 66285,Ascomycota,Pezizomycotina,Sordariomycetes,Hypocreomycetidae,Hypocreales,Nectriaceae,Fusarium,Fusarium zanthoxyli
GCA_013266195.1_43117,1053134,Fusarium zealandicum,NRRL 22465,Ascomycota,Pezizomycotina,Sordariomycetes,Hypocreomycetidae,Hypocreales,Nectriaceae,Fusarium,Fusarium zealandicum
